id,job_id,file_id,type,created_at,updated_at,file_filename,file_size,file_content_type
1,544,5f0f89dcbdd2a20e360dcce96370841b83a2709dc1e1fb7c1f80a5a43870,ProjectDocument,2016-01-04 21:08:30.698963,2016-01-04 21:08:30.698963,,,
2,544,b3a8b67cb68ab4f21789fea5c52bd4e08ca30951cff1c1d71a37966e1647,ProjectDocument,2016-01-04 21:08:31.22431,2016-01-04 21:08:31.22431,,,
3,544,947a26fa53acae305e5a31890857a9305e520932e6e5a7a94dead540cbf0,ProjectDocument,2016-01-04 21:08:31.822602,2016-01-04 21:08:31.822602,,,
4,544,d837ca8a15c8ffd016f22ece8143c28e6c380eccbe109c1c6d3d7c788c28,ProjectDocument,2016-01-04 21:08:32.641291,2016-01-04 21:08:32.641291,,,
5,544,1afb0c59335d3939510c07d9ef38bb4cab854d577b9d09d2c8fb26f7cc41,ProjectDocument,2016-01-04 21:08:33.085913,2016-01-04 21:08:33.085913,,,
6,544,15246fa847f032e75dc9199475072a0bd7b39155804c105af382b8210f37,ProjectDocument,2016-01-04 21:08:33.486841,2016-01-04 21:08:33.486841,,,
7,544,25d4704c7dec3d10ce98bf889b28dc13817d9805640b648fc0cd5bde9a51,ProjectDocument,2016-01-04 21:08:33.820546,2016-01-04 21:08:33.820546,,,
8,544,661d6adec1feb2aa0ec6b7f4a41894a460e6ec096c5ae3e3d2c66203d971,ProjectDocument,2016-01-04 21:08:34.138485,2016-01-04 21:08:34.138485,,,
9,544,7b769ba85defa4cb3b071844335702f4830bc99d8f30806d9dbaea498f4e,ProjectDocument,2016-01-04 21:08:34.590447,2016-01-04 21:08:34.590447,,,
10,544,06bc3a0fdbdf36b3698f583b5004984e4cb189f08133580c22ca98cfceaa,ProjectDocument,2016-01-04 21:08:34.910569,2016-01-04 21:08:34.910569,,,
12,555,54078e76be86485fc69c847cef90eacbbdb2a1e0cf1b495f52f9eadd0005,,2016-01-23 07:44:17.364416,2016-01-23 07:44:17.364416,,,
13,555,27d06b8e1459a0fed38c98f244738778d46b1d7c87bc3fae8d8f9aa2ddb5,,2016-01-23 07:44:18.107072,2016-01-23 07:44:18.107072,,,
14,557,ea5677c5e726fe603b9e5bba2e949be4225e8c11a9a5d91641bf3fdd2567,,2016-01-25 15:49:44.455085,2016-01-25 15:49:44.455085,,,
15,556,1b1208af97f6cbd31d895d73cf3046df06e6e52e20b2d6f0d49c3f2b6525,,2016-01-25 20:46:41.060367,2016-01-25 20:46:41.060367,,,
16,560,c0a60f860f9c647bb52de914f3e178f59a22defbe9613c36040546f5a3a5,ProjectPhoto,2016-01-26 19:30:29.8546,2016-01-26 19:30:29.8546,bQPNoELd_400x400.png,277658,image/png
17,560,9386a73c168347b91d1a8dbfa6ad812ffd912b7a738dd87c82020b4e2593,ProjectDocument,2016-01-26 19:30:30.262045,2016-01-26 19:30:30.262045,full-models-hierarchical.pdf,38267,application/pdf
18,568,066d38ef668ab553a6a893ef11b32151d6ac5b26e43aac9a068bd90a224d,ProjectDocument,2016-01-28 15:31:06.152093,2016-01-28 15:31:06.152093,Basement floor plan.PDF,174042,application/pdf
19,568,ab06d49e825db7c80eba1838f604a747384b8388bb5582a1772f932ff2e9,ProjectDocument,2016-01-28 15:32:10.96089,2016-01-28 15:32:10.96089,Delegated report.PDF,104264,application/pdf
20,568,edc19cb5aee7c308533220d68935401e4d28465c9d17e71dc89f3c0a934b,ProjectDocument,2016-01-28 15:32:11.894121,2016-01-28 15:32:11.894121,"Existing Floor Plans, Elevations & Sections dMFK_1911_A 05.PDF",1327518,application/pdf
21,568,590bebd9de7776d207b30819e2ab9fd955f69b63df3acfbc34109f86b354,ProjectDocument,2016-01-28 15:32:12.244505,2016-01-28 15:32:12.244505,final decision.PDF,52009,application/pdf
22,568,ae3500c8dae25137e7d03bbe6e60bf170bb330af0ae32f02192fd200ab6e,ProjectDocument,2016-01-28 15:32:12.596502,2016-01-28 15:32:12.596502,Front elevation.PDF,177136,application/pdf
23,568,8bdcd4c80557a57216623cb0b3eed5a2b8eab8062c0927d94b807f274de1,ProjectDocument,2016-01-28 15:32:12.9415,2016-01-28 15:32:12.9415,Ground floor plan.PDF,238040,application/pdf
24,568,9e99a3e094f51e665df6843c84673fde5cd90be4f2ee9e7d6f669f587020,ProjectDocument,2016-01-28 15:32:13.228141,2016-01-28 15:32:13.228141,Lifetime Homes Audit.PDF,19103,application/pdf
25,568,d89eebf0a9b0ccb42b029bf30bc5784dc9bef097f2d60e00d44db6c68538,ProjectDocument,2016-01-28 15:32:13.726596,2016-01-28 15:32:13.726596,Rear elevation C.PDF,188852,application/pdf
26,568,2e6ac9bde3af7925e376b5451b766c672432a307487a009cb4c29b9b8aec,ProjectDocument,2016-01-28 15:32:14.401584,2016-01-28 15:32:14.401584,Section AA.PDF,167154,application/pdf
27,568,15cdf1317b77993f6f59b86e51f7d23025ac1ad805eb0b8d9ebad204e5cc,ProjectDocument,2016-01-28 15:32:14.771954,2016-01-28 15:32:14.771954,Section BB.PDF,165945,application/pdf
28,568,e98642922feef03b83484d74edd629f3b587cbf7141a48e8d995a31048b9,ProjectDocument,2016-01-28 15:32:15.224111,2016-01-28 15:32:15.224111,Side elevation B.PDF,212776,application/pdf
29,568,4de25294f3b9f7c441e54663d646e5b29c5217ff29ee0781702a00618b1b,ProjectDocument,2016-01-28 15:32:15.669441,2016-01-28 15:32:15.669441,Site Location Plan dMFK_1911.PDF,161611,application/pdf
30,558,5f4fa9436fb574cfca660c435c3453bc18a2cadfcb78e671bc3585de006f,ProjectDocument,2016-01-28 15:33:27.669998,2016-01-28 15:33:27.669998,Basement floor plan.PDF,174042,application/pdf
31,558,68dc41d2dcb3ee8fa391983a889e238b4be5c93bc545d33ca47a8e15a27c,ProjectDocument,2016-01-28 15:33:28.24002,2016-01-28 15:33:28.24002,Delegated report.PDF,104264,application/pdf
32,558,86d25ebc9aee12861cc8c23fa11fd6fe05cfeec41f05e533a2bc81b3d4b6,ProjectDocument,2016-01-28 15:33:29.376131,2016-01-28 15:33:29.376131,"Existing Floor Plans, Elevations & Sections dMFK_1911_A 05.PDF",1327518,application/pdf
33,558,c23e0bd408f4487ad931d35fb3b700938bf9c365f672df6fe1f5fc21707a,ProjectDocument,2016-01-28 15:33:29.732389,2016-01-28 15:33:29.732389,final decision.PDF,52009,application/pdf
34,558,d6ab1a1783e955728a16b0073cee64af2f59d3f338cb8be19ea83ebd8aa0,ProjectDocument,2016-01-28 15:33:30.136023,2016-01-28 15:33:30.136023,Front elevation.PDF,177136,application/pdf
35,558,a59c320a6042812802f054af37bade4e17f8c49101c4c4e43ebd4b59c0d0,ProjectDocument,2016-01-28 15:33:30.545697,2016-01-28 15:33:30.545697,Ground floor plan.PDF,238040,application/pdf
36,558,f9e8bbc20c4873476d970fa96c94e8c82a95792f7867bc522c328a09c67c,ProjectDocument,2016-01-28 15:33:30.904582,2016-01-28 15:33:30.904582,Lifetime Homes Audit.PDF,19103,application/pdf
37,558,aabeec6d3eef54de9b93b9080142eee27450114cb9ce0a9992ae2c60ae6a,ProjectDocument,2016-01-28 15:33:31.449029,2016-01-28 15:33:31.449029,Rear elevation C.PDF,188852,application/pdf
38,558,c5e4cbded315a7f9aecc9ed76ad1f660083eef7d505d2da92b30ddeccfde,ProjectDocument,2016-01-28 15:33:31.91972,2016-01-28 15:33:31.91972,Section AA.PDF,167154,application/pdf
39,558,01aa1c65d910f47ae653839c462804592d20ddbe84fd7869296b95b2d1a5,ProjectDocument,2016-01-28 15:33:32.318246,2016-01-28 15:33:32.318246,Section BB.PDF,165945,application/pdf
40,558,40fbf1c6d5d1f47948b616e7c2affbcc2a1216cf3fe5092d28c69092eeaf,ProjectDocument,2016-01-28 15:33:32.709736,2016-01-28 15:33:32.709736,Side elevation B.PDF,212776,application/pdf
41,558,b528f0ac41414a9e0ba1bc2a1fa90cf17b81c6701b437426a504ce5dff0b,ProjectDocument,2016-01-28 15:33:33.146989,2016-01-28 15:33:33.146989,Site Location Plan dMFK_1911.PDF,161611,application/pdf
42,571,e206c061b9d0efbe971fbf7ffc02d976dd843e5ab14dbfdec30577b940a1,ProjectPhoto,2016-01-31 12:22:56.345359,2016-01-31 12:22:56.345359,Floor Plans.JPG,1468610,image/jpeg
43,571,00e0c283549726cf4b44b78bd5a888d89ba99eb5945b48d1d46b53ed250b,ProjectPhoto,2016-01-31 12:24:38.465,2016-01-31 12:24:38.465,Floor Plans 1.JPG,1436849,image/jpeg
44,571,2de7eca2b7729f25204cb74886d0cc197f1c111a24f020928eee3003a915,ProjectPhoto,2016-01-31 12:24:38.827729,2016-01-31 12:24:38.827729,Internal Detail 1.jpg,242058,image/jpeg
45,571,08bf001a2f17cbbbd1996318e4412a237d3829d6baa3fb97a3e6df72967e,ProjectPhoto,2016-01-31 12:24:39.254311,2016-01-31 12:24:39.254311,Wood Cladding finish.jpg,93054,image/jpeg
46,571,b3b23f62c7488b5bf90bc7b64097ef72418ebdd4d9c48a02ee01b95f542e,ProjectPhoto,2016-01-31 12:24:39.886921,2016-01-31 12:24:39.886921,Sketch Bedroom 1.jpg,1481269,image/jpeg
47,571,1e08431466fba4af579253746219905fcf85c115b5e450a0b9b8519c8a97,ProjectPhoto,2016-01-31 12:24:40.208734,2016-01-31 12:24:40.208734,Internal Detail.jpg,32480,image/jpeg
48,571,31fc084c380eea8315d523835f1f8b5e33965fc1df823fc697fd623f0546,ProjectPhoto,2016-01-31 12:24:40.568834,2016-01-31 12:24:40.568834,In Built Parents House 1.JPG,331200,image/jpeg
49,571,dbaee8e8331a22c17b841c8c851be284e845ac1e00915fb1aea028572e19,ProjectPhoto,2016-01-31 12:24:40.942339,2016-01-31 12:24:40.942339,In Built Parents House.JPG,395941,image/jpeg
95,625,11933a332b523d0a47eecbbed902d97f324e24f41537cb3267ad35dbceb0,ProjectPhoto,2016-03-02 19:05:29.049877,2016-03-02 19:05:29.049877,Dining room.png,390047,image/png
50,579,ecf61622e5c1355096c511c8221db7e15463b7c0e5d091b0832d703bf244,ProjectDocument,2016-02-05 16:59:37.218303,2016-02-05 16:59:37.218303,15_02866_FULL-0107-10A-3720108.pdf,259177,application/pdf
51,579,48addeaaa9b0e6310b814046c86e59fa52644c7d08c7b41a83698f4572e6,ProjectDocument,2016-02-05 16:59:37.805822,2016-02-05 16:59:37.805822,15_02866_FULL-0107-11-3720109.pdf,112202,application/pdf
52,579,00341b4ba973c0310cfa9d06476d7529ebdaa9ae6797b16bbbe20ccda65c,ProjectDocument,2016-02-05 16:59:38.403232,2016-02-05 16:59:38.403232,15_02866_FULL-0107-20-3720111.pdf,96081,application/pdf
53,579,eff2d195bcc3fb8344529c6de3593d27f43b12688c639c061b7e1950962a,ProjectDocument,2016-02-05 16:59:39.042818,2016-02-05 16:59:39.042818,15_02866_FULL-0107-21-3720112.pdf,90244,application/pdf
54,579,62ca9cf790aed932da48c63ac419214b47326a9cffb3243efad085b12946,ProjectDocument,2016-02-05 16:59:39.604729,2016-02-05 16:59:39.604729,15_02866_FULL-0609-03-3720113.pdf,31881,application/pdf
55,579,74bacbefad2524bd49e62ea044ea407bbeb0367266f8e8c96ac4c17b839c,ProjectDocument,2016-02-05 16:59:40.23622,2016-02-05 16:59:40.23622,15_02866_FULL-0609-04-3720114.pdf,76936,application/pdf
56,579,7e12c2792b8bf6b38dd7c7dce72b067924c3b25e0af00891e8e1c571e9a5,ProjectDocument,2016-02-05 16:59:40.793132,2016-02-05 16:59:40.793132,15_02866_FULL-0609-05-3720115.pdf,35696,application/pdf
57,579,65eb0cab93314b2a5380fe7de89189f7818c9ebaec81c44968a2351ea5fb,ProjectDocument,2016-02-05 16:59:42.16936,2016-02-05 16:59:42.16936,15_02866_FULL--4056204.pdf,1578418,application/pdf
58,579,688932d4a0f714e09e7f038d622625cdad425af289d88e68bf1e42b7838d,ProjectDocument,2016-02-05 16:59:42.730416,2016-02-05 16:59:42.730416,15_02866_FULL-APPLICATIONFORMNOPERSONALDATA-3720117.pdf,132832,application/pdf
59,579,ac74999770704f2212b8d9500e49ce74f06bc6851b41b7d7031ca60b38a8,ProjectDocument,2016-02-05 16:59:43.912082,2016-02-05 16:59:43.912082,15_02866_FULL-DRAFT_DECISION___DELEGATED_REPORT-4056205.pdf,2215680,application/pdf
60,579,2f2d48f3d325a95ff962e6730fa48eae8db533b4c82b785ee5d6742b20fd,ProjectDocument,2016-02-05 16:59:44.506455,2016-02-05 16:59:44.506455,15_02866_FULL-ELGIN_DANDA_STATEMENT-3720119.pdf,67612,application/pdf
61,579,da5b8efaf5b79bf3df1e7548a7df9d9a1c03e327e8b423806d713e69ee71,ProjectDocument,2016-02-05 16:59:45.187824,2016-02-05 16:59:45.187824,15_02866_FULL-ELGIN_OS_MAP-3720120.pdf,172143,application/pdf
62,579,67cd3817f76125115d2e0b2dc6439d8bb6de684edb7a14df7dd94bf15a63,ProjectDocument,2016-02-05 16:59:45.710531,2016-02-05 16:59:45.710531,15_02866_FULL-EXISTING_ROOF_PLAN-3747241.pdf,46453,application/pdf
63,445,f53d8af3b4204e1bd3d8b3e333cddfcea1f0eb1d8dc268af556797efe7dd,ProjectDocument,2016-02-10 16:47:04.77881,2016-02-10 16:47:04.77881,58 Church Road Ext revC.pdf,476530,application/pdf
64,445,a11d70a279ad1ef6c5c4f30d089c28e334be8c22623ab4856b1d8e7872eb,ProjectDocument,2016-02-10 16:47:05.187237,2016-02-10 16:47:05.187237,58 Church Road Loft revC.pdf,229408,application/pdf
65,598,e9f80244a46b9761964d67d42cf264d0cce417943ed07fbd3cd6073d0642,ProjectDocument,2016-02-13 19:12:28.852093,2016-02-13 19:12:28.852093,Basement floor plan.PDF,174042,application/pdf
66,598,146dbc163e1f6121112e6fc9d94d6e7679b906806aa4c088b83c754e4637,ProjectDocument,2016-02-13 19:12:29.390272,2016-02-13 19:12:29.390272,Ground floor plan.PDF,238040,application/pdf
67,605,3c03d50915341b6e89ae29a05a627483276126069cbeeae3796f2c6e98b8,ProjectDocument,2016-02-15 11:45:34.423965,2016-02-15 11:45:34.423965,15 Seven Sea Gardens.pdf,4467122,application/pdf
68,605,cfc4dd2e796fd682bc08b355029c49c3223b31f674bf6d0969e43fd0c158,ProjectPhoto,2016-02-15 13:40:12.470865,2016-02-15 13:40:12.470865,0077 IMG_9883.jpg,108511,image/jpeg
69,605,6be781f317c65afce7a4d581f45c2aa9dce4e01bc9dfcccd538e4b067ae8,ProjectPhoto,2016-02-15 13:40:12.998929,2016-02-15 13:40:12.998929,0080 IMG_9898.jpg,157822,image/jpeg
70,605,3d4f6aa447fb6c449c0ad3c0982b2f7769ccd391593b8f395df0e5a0d672,ProjectPhoto,2016-02-15 13:40:13.464808,2016-02-15 13:40:13.464808,bathroom ceiling.jpg,186015,image/jpeg
71,605,8b53658d7515215ca25f27fecf8092de4673e603461dfb0f33ac3d0df3a5,ProjectPhoto,2016-02-15 13:40:13.905783,2016-02-15 13:40:13.905783,damage to hallway wall.jpg,103362,image/jpeg
72,605,34ac18cc63ba52418195257e667f46f1e0e7ca045c66fd8cf85a4afadd15,ProjectPhoto,2016-02-15 13:40:14.478867,2016-02-15 13:40:14.478867,dirty walls.jpg,143742,image/jpeg
73,605,bbc26098a34a4b10ffd8cf6a5cc9f9908672cbbd0dcc3cfb023f0ab5582c,ProjectPhoto,2016-02-15 13:40:14.821264,2016-02-15 13:40:14.821264,hallway.jpg,98055,image/jpeg
74,605,88602a04dee59a9ca5ce912acdf7df1d541dcba8b75ad1669e133e333557,ProjectPhoto,2016-02-15 13:40:15.446504,2016-02-15 13:40:15.446504,minor cracks.jpg,109932,image/jpeg
75,605,faf852ee19038377688de8d32eb3f1cb0334d4e0a4bc943cd0de8519ff47,ProjectPhoto,2016-02-15 13:40:15.969504,2016-02-15 13:40:15.969504,other cracks in wall.jpg,97291,image/jpeg
76,605,5cb5010d8aa18fba2ca083abd487d35beff2067345f641be23c9fec0883a,ProjectPhoto,2016-02-15 13:40:16.5717,2016-02-15 13:40:16.5717,scuffs in skirting board.jpg,261449,image/jpeg
77,607,94f399362a101b6d0ff78b038b89b38b3eb7fc02dac30ed3b910213b2440,ProjectDocument,2016-02-16 14:23:06.644544,2016-02-16 14:23:06.644544,Section AA.PDF,167154,application/pdf
78,607,ca2994a49dbb4e2fa6b118c139bfb98aa365c562d8e74cbea7972d6163f9,ProjectDocument,2016-02-16 14:23:07.264296,2016-02-16 14:23:07.264296,Front elevation.PDF,177136,application/pdf
80,607,98e2490b4798e2df31e112857b11c296630dafbebd108decb18db56f8b80,ProjectDocument,2016-02-16 14:23:08.235756,2016-02-16 14:23:08.235756,Side elevation B.PDF,212776,application/pdf
81,607,ac426a03773d41ef29d62ab7e3cc8be02e5f9a2f30f4caf9fb5c1e329980,ProjectDocument,2016-02-16 14:23:08.846513,2016-02-16 14:23:08.846513,Site Location Plan dMFK_1911.PDF,161611,application/pdf
82,611,2d7137684da1f7d74e5124659169cd972b8acc968c8727f7a248ef0ed871,ProjectDocument,2016-02-18 15:24:54.126429,2016-02-18 15:24:54.126429,Gate 72 LG 24-11-2014.pdf,39525,application/pdf
83,611,17fbe43c06ab881a81b06296ebbb97e54f320f5b3268719ebccdcef6bcb0,ProjectDocument,2016-02-18 15:24:55.710812,2016-02-18 15:24:55.710812,Railing head illustration taken from garden at 59 Elgin Crescent.docx,5158063,application/vnd.openxmlformats-officedocument.wordprocessingml.document
84,611,c60cb2963bc107225808890d0a79a76215fcf67e4d15c0caa23e01c7c935,ProjectDocument,2016-02-18 15:24:56.023642,2016-02-18 15:24:56.023642,Electrical and Utility plan 70 LG.pdf,173662,application/pdf
85,611,34f9432b7ab21faab1121cdb7c2cf79cdbf416ef9449eb92963718ee2b8d,ProjectDocument,2016-02-18 15:24:56.374697,2016-02-18 15:24:56.374697,15.122 D2 Typical Details A3.pdf,320245,application/pdf
86,611,2a655e8010584559494734199d667ecda4cd4d8cfce64cbfec1ff633fa36,ProjectDocument,2016-02-18 15:24:56.697406,2016-02-18 15:24:56.697406,15.122 D1 Basement (flat) Plan A3.pdf,232540,application/pdf
87,611,3174ebea4968bac2f88207c13e9522171c8b00afcf6c0644352059402f54,ProjectDocument,2016-02-18 15:24:57.036047,2016-02-18 15:24:57.036047,TR1025_PL001_C70.pdf,529072,application/pdf
88,611,14384b95dc90b14ea4b16bd447a5caf5cba815a3445b3388a0a2ad53eca4,ProjectDocument,2016-02-18 15:24:57.446791,2016-02-18 15:24:57.446791,TR1025_EL005_B70-72.pdf,557234,application/pdf
89,611,8749aded37480e9c67ca4f2a9b586c7566672c68558702e1f10628b8022a,ProjectDocument,2016-02-18 15:24:57.851931,2016-02-18 15:24:57.851931,TR1025_EL002_E70.pdf,635557,application/pdf
90,611,d23ddb81e0d2b62cd38e09eb030d09d27371fa73b9a6613702810c114428,ProjectDocument,2016-02-18 15:24:58.393054,2016-02-18 15:24:58.393054,TR1025_EL001_D70.pdf,684638,application/pdf
91,620,3856c2a2a044ee8d34e242f7271652387736ea3d2b3c1d7d21f1f5a36cf0,ProjectPhoto,2016-02-29 17:18:34.519592,2016-02-29 17:18:34.519592,Screen Shot 2016-02-29 at 17.17.16.png,488103,image/png
92,620,513f911b38c0cadd25b258735de42b0084e1c7903ce7fd8dfb2007aefb9d,ProjectDocument,2016-02-29 17:18:34.917725,2016-02-29 17:18:34.917725,Basement Plan.pdf,74219,application/pdf
93,625,94c157c5cb4cae284de2641613eae0f4e4ddca99acc085f8ff70b87da66a,ProjectPhoto,2016-03-02 19:05:27.659634,2016-03-02 19:05:27.659634,Bedroom.png,418756,image/png
94,625,884ef98c6e25a3a300cd23a4ef6066b2197cc1cd86a5e48f4f510057abf1,ProjectPhoto,2016-03-02 19:05:28.232331,2016-03-02 19:05:28.232331,Kitchen.png,421365,image/png
96,625,5a02e1dfe4879ace8f6379b3b7d13c55975fa43a0416e5fcdc0d5ec31332,ProjectPhoto,2016-03-02 19:05:29.479599,2016-03-02 19:05:29.479599,Sitting room 2.png,386946,image/png
97,625,db9ca07199f235d73d2ecb7433692a4496d4e3d6a0bdeed4cadbcb85cf7d,ProjectPhoto,2016-03-02 19:05:29.939644,2016-03-02 19:05:29.939644,Sitting room.png,350170,image/png
98,625,2ba62dbe463618d68b57ad04f92a33e57274b935f41812d1165819943c54,ProjectPhoto,2016-03-02 19:05:30.408273,2016-03-02 19:05:30.408273,Front of house.png,535614,image/png
99,625,616f973a980587d11366c7dedcb66079ef480b8d41363d9702a5c993751b,ProjectDocument,2016-03-02 19:05:30.883596,2016-03-02 19:05:30.883596,JaquelineJackson.pdf,187095,application/pdf
100,626,545932d8c56bf2a4e9e69c5f9225e21fb7d00d37dbd118b2052436bc5d43,ProjectPhoto,2016-03-04 12:03:25.144768,2016-03-04 12:03:25.144768,Screen Shot 2016-03-04 at 12.02.54.png,316431,image/png
101,627,768f3a0f888cb7f35e3f97b1d219e2f3f8e766e650e8ad8fcaf097a2eac0,ProjectPhoto,2016-03-06 14:47:00.016754,2016-03-06 14:47:00.016754,Flat floorplan.jpg,25514,image/jpeg
103,625,9d5b1f373bb011bfbe1a3bc9a839308e4d3607ed65169ba33f861836d094,ProjectDocument,2016-03-07 12:21:02.520706,2016-03-07 12:21:02.520706,JaquelineJackson-Architectsbrief..pdf,124410,application/pdf
104,625,66fb69231fe13680b62828d9618b8c391da7f34ec65886d0ee6fce10b5d1,ProjectPhoto,2016-03-07 12:23:22.494089,2016-03-07 12:23:22.494089,Sketch.png,284318,image/png
105,632,d861a6f5456406efcad46194eb98bfdbce0c8dafafe19465bfd2f8958184,ProjectPhoto,2016-03-07 12:52:43.967001,2016-03-07 12:52:43.967001,RoofSpace.jpg,1293519,image/jpeg
106,632,59ea76a19f9f035db4563066300933c837392d697add6c2b6b2d7dd83613,ProjectPhoto,2016-03-07 12:52:44.549495,2016-03-07 12:52:44.549495,Kitchen Ext.jpg,1313494,image/jpeg
107,632,f967ee1d3618b5c170609542a3a9de8d7905bd3946f046d1eaac19c85c57,ProjectPhoto,2016-03-07 12:52:44.985686,2016-03-07 12:52:44.985686,BungalowandPlan.jpg,921335,image/jpeg
108,631,faa6f94b0d2463f10ae6d5f357d3bed42f6ffe323c6cb307a985ecde27ff,ProjectPhoto,2016-03-07 17:45:23.438755,2016-03-07 17:45:23.438755,Screen Shot 2016-03-07 at 17.44.52.png,601422,image/png
109,631,c9370b1ec892b39688cda237d3c685a970dc389d0e6b2d5894545d5b6d67,ProjectPhoto,2016-03-07 17:45:23.849218,2016-03-07 17:45:23.849218,Screen Shot 2016-03-07 at 17.42.23.png,416256,image/png
110,631,91e72eefd0dadbafa10f239ef6b34332d9c103384991c01012f3070aad17,ProjectPhoto,2016-03-07 17:45:24.305828,2016-03-07 17:45:24.305828,Screen Shot 2016-03-07 at 17.42.08.png,452664,image/png
111,631,5361c28cac46d78c39aa77614f54436e7ebce0c5047a16b753428caed594,ProjectPhoto,2016-03-07 17:45:24.771025,2016-03-07 17:45:24.771025,Screen Shot 2016-03-07 at 17.41.41.png,356652,image/png
112,634,f05493a19c706de145f43a2b03b8c0fb42fcf9b20357a920301bc6262ef7,ProjectDocument,2016-03-08 17:27:40.954043,2016-03-08 17:27:40.954043,29PG.DecorationSchedule.xlsx,28541,application/vnd.openxmlformats-officedocument.spreadsheetml.sheet
113,634,76888eb770afaf56aa51fd498d1ca2131e93a8e304f61f10a9cc9f09e86c,ProjectDocument,2016-03-08 17:55:12.601958,2016-03-08 17:55:12.601958,25-PG-LIVINGROOM ELEVATIONS 1-REVE.pdf,33203,application/pdf
114,634,14d1bf4fef3bc981a0b3c9c9cf07937b286f4b2e6912b67fe8cea9b69e0a,ProjectDocument,2016-03-08 17:55:12.981844,2016-03-08 17:55:12.981844,13-PG-BATHROOM PLAN-E.pdf,58170,application/pdf
115,634,bb23ee540f69ea58d921fc68b8f28b6fd44e9e77ad2f5fb34fe3c808caa4,ProjectDocument,2016-03-08 17:55:13.327255,2016-03-08 17:55:13.327255,16-PG-BEDROOM 1 ELEV 1-REVE.pdf,27488,application/pdf
116,634,38d6c89c382f1a4ffa49763a5aff23307fb8f26bddb7b09bececc12b1385,ProjectDocument,2016-03-08 17:55:13.743482,2016-03-08 17:55:13.743482,23-PG-HALL ELEVATIONS-REVF.pdf,38854,application/pdf
117,634,15d1335f8ebc70072457baa608509f7fe9a35b4eee0e2bd935dc23aa9a5f,ProjectDocument,2016-03-08 17:55:14.052132,2016-03-08 17:55:14.052132,56-PG-PANELLING.pdf,23023,application/pdf
118,634,56445788c6d29f196589ee4c8d007a61fd832d26ab1bcb10dd7d6bf1b549,ProjectDocument,2016-03-09 17:07:31.9896,2016-03-09 17:07:31.9896,10-PG-PROPOSED PLAN-REVB (1).pdf,54655,application/pdf
119,635,2ac66e793db9a0803740052d4b0d659af733cdc08b30225ae7024db36c0c,ProjectDocument,2016-03-10 12:38:14.5032,2016-03-10 12:38:14.5032,PropertyParticulars_ABAC_009048.pdf,4638645,application/pdf
120,638,c212c8e2bbf71a314f264118eeca1997a968b80f3b3e3ad65d8ba12018e2,ProjectDocument,2016-03-16 10:52:44.923501,2016-03-16 10:52:44.923501,86_abbeville_road_Sw49NA.pdf,121150,application/pdf
121,269,78b1a63397a77ece8d568b593dab6248debb1d7db9473191ed17a0d8f343,ProjectPhoto,2016-03-16 19:10:11.023884,2016-03-16 19:10:11.023884,IMG_3868.JPG,66886,image/jpeg
122,269,16a2e0ec8cd502e8840e4876e98cbfd7c7b25c3ca417f148012129e2f627,ProjectPhoto,2016-03-16 19:10:11.726343,2016-03-16 19:10:11.726343,IMG_3869.JPG,77230,image/jpeg
123,269,607280072394bf2a124810cb49d92fab48a85b5798ff3eb2d97903290c72,ProjectPhoto,2016-03-16 19:10:12.409962,2016-03-16 19:10:12.409962,IMG_3870.JPG,71194,image/jpeg
124,269,5ba9a905fd28a9fa7d4f2363fe0cddaacde15cbc70926cb971e325180f34,ProjectPhoto,2016-03-16 19:10:12.883027,2016-03-16 19:10:12.883027,IMG_3871.JPG,75346,image/jpeg
125,627,32ac0fec6ebe6e5c399402c8e63a9d4ae165603b6739045d306ceedfc5da,ProjectDocument,2016-03-18 21:50:22.277392,2016-03-18 21:50:22.277392,JessicaSteven-15LadbrokeGardens.pdf,2408011,application/pdf
126,644,0d7d15fdb02783fbe3b57c89cb690ec552c2b7f411750ad44583e7bb0f56,ProjectPhoto,2016-03-22 11:39:01.689739,2016-03-22 11:39:01.689739,IMG_6007.JPG,1855139,image/jpeg
127,644,6d1fea118c72a62e97c2a7ce14f3ba350ab8a3128619873d44e0876e6bf3,ProjectPhoto,2016-03-22 11:39:02.542965,2016-03-22 11:39:02.542965,IMG_6008.JPG,1752550,image/jpeg
128,644,f9b7e7472b15ead6ddd170fcd4e2d766ed33694ada71a27a9e285ed5cd9b,ProjectPhoto,2016-03-22 11:39:03.276554,2016-03-22 11:39:03.276554,IMG_6009.JPG,1736540,image/jpeg
129,648,6f3fe4f6dc26dd585efed01f7cd5ae5fc23c771ffde7eb01c77b96de7833,ProjectPhoto,2016-03-23 19:10:03.232546,2016-03-23 19:10:03.232546,loft idea 2.jpg,62414,image/jpeg
130,648,55c1e7c8d92b6662d429da4b4628ec3789e32cc03287c8291c57c627ef7b,ProjectPhoto,2016-03-23 19:10:03.917244,2016-03-23 19:10:03.917244,loft idea 1.jpg,65562,image/jpeg
131,648,f1a245e663d2dfc6b1002aa186dfe8765f8952b357827054835f22fb5f94,ProjectPhoto,2016-03-23 19:10:04.485962,2016-03-23 19:10:04.485962,idea 1st floor.jpg,83170,image/jpeg
132,648,de0ce6f265bce649caab855f0acba0d819756a9bce2b538528478544e40d,ProjectPhoto,2016-03-23 19:10:05.100219,2016-03-23 19:10:05.100219,existing ground floor.jpg,122648,image/jpeg
133,648,5d6d792c3d2f708ce796bdf320865aa067612691bb5d5d3017c2fdacb3ef,ProjectPhoto,2016-03-23 19:10:26.422782,2016-03-23 19:10:26.422782,1 (2).jpg,34807,image/jpeg
134,648,a2beee700db18b2158de4cb0b9dd7862ec1799ee5740edf77d6ae080c37d,ProjectPhoto,2016-03-23 19:10:26.75958,2016-03-23 19:10:26.75958,2 (2).jpg,19709,image/jpeg
135,269,c7812d7d9345364c1f5ab33b5531eac578cfd90defc8d68eea754863abfe,ProjectPhoto,2016-03-30 07:45:51.515284,2016-03-30 07:45:51.515284,image001.png,5789,image/png
136,269,d9289511eb7c522dd97128e63a5ebb9a67e1ec020da0999464e04fba7344,ProjectPhoto,2016-03-30 07:50:45.146654,2016-03-30 07:50:45.146654,30 Pont Place - Desk - Option 1 .jpg,39744,image/jpeg
137,269,cb808894a2d1430bb34aba73b2b5b9a4acfb0e4841b01abc41153d15cc88,ProjectPhoto,2016-03-30 07:50:45.622101,2016-03-30 07:50:45.622101,30 Pont Place - Desk - Option 2 .jpg,41448,image/jpeg
138,269,b606d95591edd338bc64c862fc51a5e28c09148fd937ce34e10d00e5fea3,ProjectPhoto,2016-03-30 07:50:46.40095,2016-03-30 07:50:46.40095,30 Pont Place - Desk - Option 3 .jpg,273151,image/jpeg
139,269,6625be5ad12fc0a2c222ecf638ffeca5117cc55f373b30d2f577a124cb30,ProjectPhoto,2016-03-30 07:50:46.726156,2016-03-30 07:50:46.726156,30 Pont Place - TV Bookcase - Option 1 (1).jpg,47742,image/jpeg
140,269,8e810244fe6f9e8408cd0bc6e64af9b484b9eb8c2d1d89492e055cc25c29,ProjectPhoto,2016-03-30 07:50:47.057107,2016-03-30 07:50:47.057107,30 Pont Place - TV Bookcase - Option 1 (2).jpg,44992,image/jpeg
141,269,e536f61a27d9d2472e06426a3a6a215ee846be674074afcedd0206a0fa22,ProjectPhoto,2016-03-30 07:50:47.526791,2016-03-30 07:50:47.526791,30 Pont Place - TV Bookcase - Option 2 (1).jpg,48380,image/jpeg
142,269,f0b15382a95749a02e813dae0c0f7f9c7a7ec061077995210445d54c0292,ProjectPhoto,2016-03-30 07:50:47.915591,2016-03-30 07:50:47.915591,30 Pont Place - TV Bookcase - Option 2 (2).jpg,49982,image/jpeg
143,269,315fa3648d5eeada3558adf1ed7243b00764f95f6a873176a0c1032bc5c4,ProjectPhoto,2016-03-30 07:50:48.247833,2016-03-30 07:50:48.247833,30 Pont Place - TV Bookcase - Option 3 (1).jpg,56125,image/jpeg
144,269,90adb2d2e2982cedb12e557f35c8d7df6946f2a715583047e1322e217f3b,ProjectPhoto,2016-03-30 07:50:48.570393,2016-03-30 07:50:48.570393,30 Pont Place - TV Bookcase - Option 3 (2).jpg,53576,image/jpeg
